,Unnamed: 0.3,Регион,Всего_постов,Тональность_Берт,Стандартное_отклонение_Берт,Доля_негативных_Берт,Unnamed: 0.2,Unnamed: 0,Unnamed: 0.1,Мигранты_всех_национальностей,Мигранты_всех_национальностей_доля,Мигранты_всех_национальностей_доля_логарифм,Всего_указали,Казахи_доля,Кыргызы_доля,Таджики_доля,Туркмены_доля,Узбеки_доля,Казахи,Кыргызы,Таджики,Туркмены,Узбеки,Всего_мигрантов,Доля_мигрантов,Тональность,ВРП,Инфляция,ИЭМ,Процент_русских,Русский_регион,Распространенная_национальность,Процент_горожан,Мигранты_логарифм,Узбеки_логарифм,Таджики_логарифм,Киргизы_логарифм,Кыргызы_логарифм,Казахи_логарифм,Туркмены_логарифм,Дисперсия,Доля_негативных,Стандартное_отклонение,Доля_занятых_средний_малый_бизнес,Индекс_рынка_труда,Высокопроизводительные_23,Отрасль,НТР,Преступления_23,Рост_преступлений_23,Тяжкие_преступления_23,Рост_тяжких_преступлений_23,Преступления_24,Рост_преступлений_24,Тяжкие_преступления_24,Рост_тяжких_преступлений_24,Уровень_жизни_23,Преступность,Уровень_жизни_24,Средний_уровень_жизни,Доля_негативных_логарифм,Стандартное_отклонение_логарифм,Моложе_трудоспособного,Трудоспособное,Старше_трудоспособного,Нагрузка_дети,Нагрузка_старики,Рождаемость,Безработица,ВРП_на_душу,ВРП_на_душу_обратный
0,0,Белгородская область,134,0.164,0.3714835124201342,83.6,0,0,0,3866,0.0027787381251352,-5.885758366150617,1391279,0.0001380025142333,5.390723212238523e-05,7.69076511612696e-05,3.809444403315223e-05,0.0001185959106692,192,75,107,53,165,592,0.04255077522193,-0.335483870967742,1311.2,109.11,0.091856326465014,0.9528712632817348,1,"Русские (великороссы, русаки, якутяне)",0.6524668189129924,-7.762227391035024,-9.039788552018708,-9.47290519145698,-9.828245912382576,-9.828245912382576,-8.88823865389115,-10.17544211236676,0.0643655913978494,0.8387096774193549,0.2537037473074638,35.4,70.93,341,Обрабатывающие производства,43.64,106.3,10.4,37.1,29.3,95.9,-10.6,33.8,-9.6,43.64,101.1,65.638,54.639,-0.1758906664636641,-1.3715880418613744,0.162,0.564,0.2739999999999999,0.287,0.485,1.0853333333333337,2.05,889768.6,1.123887716424248e-06
1,1,Брянская область,238,0.185,0.3885871845545089,81.5,1,1,1,2563,0.0023894428207172,-6.036695069624631,1072635,4.661417910099894e-05,2.796850746059937e-05,0.000234003179087,6.15307164133186e-05,0.000141707104467,50,30,251,66,152,549,0.051182368652890005,-0.2875,549.3,109.37,0.0808649868055433,0.9586877174710632,1,"Русские (великороссы, русаки)",0.6947854059449469,-7.577530354479303,-8.861748275142684,-8.36017585685698,-10.48443141432654,-10.48443141432654,-9.973605790560557,-9.695974053962274,0.1140322580645161,0.9375,0.3376866270146274,34.7,62.7,243,Обрабатывающие производства,31.22,122.2,3.9,31.4,19.2,123.6,0.2,35.2,11.3,31.22,122.9,55.436,43.328,-0.0645385211375711,-1.0856369525683052,0.155,0.5660000000000001,0.2789999999999999,0.274,0.493,1.129,2.1,546442.6,1.8300183770445424e-06
2,2,Владимирская область,88,0.17,0.3781534080237807,83.0,2,2,2,4780,0.0037213270968666,-5.593674927846457,1284488,7.084534849683298e-05,7.785203131520108e-05,0.0005356219754485,5.449642192064075e-05,0.0006983327208973,91,100,688,70,897,1846,0.14371484980785998,-0.18125,780.5,109.62,0.0830282799890307,0.9575555854812788,1,"Русские (великороссы, русаки, сибиряки, ведруссы, кривичи, якутяне)  ",0.7758027021052804,-6.545094338269167,-7.266814891273237,-7.532081915398768,-9.460700567343864,-9.460700567343864,-9.555011246815106,-9.817375511282595,0.1202822580645161,0.71875,0.3468173266498029,38.2,69.32,315,Обрабатывающие производства,40.47,120.6,-1.6,36.3,6.4,122.5,0.4,40.7,10.9,40.47,121.55,55.512,47.991,-0.3302416868705768,-1.0589570738191627,0.148,0.56,0.292,0.264,0.52,1.1196666666666666,1.85,677998.5,1.4749295168057155e-06
3,3,Воронежская область,130,0.138,0.3464101615137754,86.2,3,3,3,11502,0.0051476952628851,-5.269206186244129,2234398,0.0002738992784633,9.532769005342826e-05,0.000355800533298,0.0005048339642266,0.0003575907246605,612,213,795,1128,799,3547,0.15874521907019,-0.18125,1377.7,110.45,0.0851329866904119,0.9564422165329598,1," Русские (великороссы, древляне, русаки, сибиряки, якутяне)",0.6845618834438095,-6.445624943744217,-7.936121452751584,-7.941140283863511,-9.2581902328084,-9.2581902328084,-8.202750116005758,-7.591280966459831,0.0486693548387096,0.75,0.2206113207401417,39.6,74.13,327,Обрабатывающие производства,46.16,123.8,-7.1,33.8,0.2,111.4,-10.5,35.5,4.5,46.16,117.6,66.065,56.1125,-0.2876820724517809,-1.511352855527771,0.145,0.575,0.28,0.252,0.488,1.2006666666666668,1.85,655626.6,1.5252584321624535e-06
4,4,Ивановская область,476,0.227,0.4195235392680606,77.3,4,4,4,2874,0.0033030268551943,-5.712916002060276,870111,3.33290810023089e-05,0.0002252586164293,0.0003987996933724,0.0002080194366006,0.0003723662843016,29,196,347,181,324,1077,0.12377731117063999,-0.2,,109.97,0.0787423511037542,0.9597869457942538,1,"Русские (великороссы, русаки)",0.8191690701293775,-6.694441391542877,-7.895632552907061,-7.827051288752513,-8.398261409469153,-8.398261409469153,-10.30908023871276,-8.477879037433494,0.1353333333333333,0.5806451612903226,0.3678767909685705,47.0,56.54,212,Обрабатывающие производства,30.15,128.9,0.0,37.3,15.8,131.2,0.8,37.8,0.5,30.15,130.05,54.182,42.166,-0.5436154465889815,-1.0000072040242571,0.153,0.5529999999999999,0.294,0.277,0.53,1.3056666666666663,1.8000000000000005,478107.8,2.0915785101184294e-06
5,5,Калужская область,938,0.109,0.3114482300479487,89.1,5,5,5,18440,0.0180989790369851,-4.011899749097683,1018842,0.0002267279911899,0.000248321133208,0.0035766095233608,7.75390099740686e-05,0.0028983885627015,231,253,3644,79,2953,7160,0.7027586220434501,-0.165625,694.0,109.11,0.1828975498779253,0.9035017516233038,1,"Русские (великороссы, русаки, сибиряки)                     ",0.7499579401516397,-4.957911986253586,-5.843600364464371,-5.633339987828427,-8.300787757481121,-8.300787757481121,-8.391759535686905,-9.464729393741246,0.0261995967741935,0.75,0.1618628949889181,40.4,73.36,294,Обрабатывающие производства,46.42,124.2,-9.3,39.0,-2.5,114.5,-8.0,37.9,-3.0,46.42,119.35,65.941,56.1805,-0.2876820724517809,-1.8210056293157373,0.1639999999999999,0.573,0.263,0.286,0.459,1.3226666666666669,0.85,740704.7,1.3500656874460227e-06
6,6,Костромская область,174,0.23,0.4219004621945797,77.0,6,6,6,1430,0.0029850933206971,-5.814124269411147,479047,7.306172463244733e-05,0.0003757460123954,0.0005594440628998,0.0001607357941913,0.0004028832244017,35,180,268,77,193,753,0.15718708185209002,-0.1387096774193548,359.0,109.45,0.0763000378571535,0.9610682362187092,1,"Русские (великороссы, сибиряки)",0.73700118421415,-6.455488764865219,-7.816863803760404,-7.488567012154379,-7.886597141774994,-7.886597141774994,-9.524205931175675,-8.735748570811928,0.0811182795698924,0.6774193548387096,0.2848127096354593,49.8,58.61,306,Обрабатывающие производства,19.92,149.7,4.5,49.5,18.1,141.0,-6.7,48.1,-3.8,19.92,145.35,49.277,34.5985,-0.3894647667617233,-1.25592347391105,0.177,0.535,0.288,0.331,0.538,1.4623333333333337,1.8000000000000005,555311.3,1.8007917360946912e-06
7,7,Курская область,716,0.679,0.4669047011971501,32.1,7,7,7,3036,0.0031858462797689,-5.749037317318391,952965,4.30236157676305e-05,8.709658801739833e-05,0.0002707339723914,8.080044912457435e-05,0.0002308584260702,41,83,258,77,220,679,0.07125130513712,-0.4806451612903226,665.5,109.78,0.0797008552854541,0.9592796947663216,1,"Русские (ведруссы, великороссы)",0.6843083057264115,-7.246712328275271,-8.373705909481593,-8.214373870912398,-9.348492848037305,-9.348492848037305,-10.05376138912959,-9.423528033980215,0.1609462365591398,0.7419354838709677,0.4011810520938642,31.3,67.57,309,Обрабатывающие производства,35.41,121.2,-3.8,35.3,3.4,114.5,-6.1,35.8,0.9,35.41,117.85,60.45,47.93,-0.2984929885559965,-0.9133424520907338,0.16,0.555,0.285,0.288,0.514,1.233,1.5,702737.9,1.4230056469133083e-06
8,8,Липецкая область,292,0.192,0.3949683531626299,80.8,8,8,8,2076,0.0019885038424292,-6.220372760992924,1044001,0.000167624360513,8.81225209554397e-05,0.0002605361489117,1.628350930698342e-05,0.000170497920979,175,92,272,17,178,734,0.07030644606662001,-0.2290322580645161,,110.01,0.0652527002330336,0.9667772241243908,1,"Русские (ведруссы, великороссы, гураны, русаки)",0.6307504041202774,-7.260061976664189,-8.6767874549866,-8.252768938982804,-9.336782428229627,-9.336782428229627,-8.69378503135554,-11.02535766122245,0.1021290322580645,0.6774193548387096,0.3195763324435408,33.3,69.47,311,Обрабатывающие производства,32.92,125.9,1.8,35.4,17.7,121.3,-4.6,35.0,-1.9,32.92,123.6,63.416,48.168,-0.3894647667617233,-1.140759121513163,0.1669999999999999,0.561,0.272,0.298,0.485,1.1783333333333337,1.8,847501.2,1.1799393322392937e-06
9,9,Московская область,402,0.129,0.3361547262794322,87.1,9,9,9,73468,0.0093497788036895,-4.672402593320793,7857726,0.0001125007413086,0.0004886910029695,0.0012034015948125,2.927055486536435e-05,0.001418731067996,884,3840,9456,230,11148,25558,0.3252594961952,-0.34,7720.8,109.66,0.1508051563647125,0.9213760517929488,1,"Русские (ведруссы, гураны, древляне, кержаки, кривичи, кубанцы, кулугуры, русаки, русичи, сибиряки, чалдоны, челдоны, якутяне)",0.7850834021043642,-5.728302151400598,-6.557992420967384,-6.722603069923375,-7.62378016398757,-7.62378016398757,-9.092550746931732,-10.43892850064602,0.0721379310344827,0.8333333333333334,0.2685850536319599,49.2,92.36,301,Оптовая и розничная торговля,60.32,81.8,-5.1,25.9,0.3,80.5,-0.9,28.7,11.6,60.32,81.15,81.22,70.77,-0.1823215567939546,-1.3145876418918987,0.138,0.63,0.2319999999999999,0.219,0.369,1.3306666666666669,1.15,1072270.7,9.326003219149792e-07
10,10,Орловская область,172,0.174,0.3807886552931954,82.6,10,10,10,2567,0.0038157216054273,-5.568625482610004,672743,7.134968331145772e-05,8.621420066801141e-05,0.0002913445401884,0.0003195871231659,0.0002289135672909,48,58,196,215,154,671,0.09974091146247001,-0.24,373.8,109.81,0.0908780623530706,0.9534438226756252,1,"Русские (великороссы, русаки)",0.6664680798571296,-6.910349526509507,-8.382166061067624,-8.141004004250798,-9.358675652934716,-9.358675652934716,-9.547917652573243,-8.048480635353487,0.081103448275862,0.8333333333333334,0.2847866715207403,40.2,64.06,322,Обрабатывающие производства,27.28,113.6,-3.5,34.5,16.7,107.9,-6.1,35.2,1.1,27.28,110.75,55.887,41.5835,-0.1823215567939546,-1.2560148999750471,0.149,0.562,0.289,0.265,0.513,1.1693333333333331,1.85,572560.7,1.7465397118593715e-06
11,11,Рязанская область,592,0.088,0.282842712474619,91.2,11,11,11,2670,0.0028753023375023,-5.851597449391475,928598,7.969002733152558e-05,5.276772080060478e-05,0.0002293780516434,6.461353567420993e-05,0.0007225947072899,74,49,213,60,671,1067,0.11490440427396999,-0.2161290322580645,619.2,109.48,0.1055066928718185,0.9457177022697532,1,"Русские (великороссы, мещеряки, русаки, русичи,сибиряки)",0.713598897362193,-6.768824949484002,-7.232662063814094,-8.380139035076528,-9.84961090267513,-9.84961090267513,-9.437366107581584,-9.647086638563655,0.0393978494623656,0.7419354838709677,0.198488915212829,41.4,71.67,337,Обрабатывающие производства,44.17,81.2,-3.4,26.2,-2.6,78.4,-4.0,25.6,-2.8,44.17,79.80000000000001,61.209,52.6895,-0.2984929885559965,-1.6170220231706858,0.149,0.557,0.294,0.267,0.529,1.1133333333333335,2.0,638081.5,1.5671979206417989e-06
12,12,Смоленская область,179,0.223,0.4183300132670378,77.7,12,12,12,4220,0.0052080055190049,-5.257558314359668,810291,3.578961138652657e-05,6.664272465077361e-05,0.0003282771251315,2.221424155025787e-05,0.0005738679067149,29,54,266,18,465,832,0.10267916094341,-0.2451612903225806,483.3,110.3,0.1029078133283144,0.947078388018999,1,"Русские (великороссы, гураны, кривичи, русаки, сибиряки)",0.7259632539077757,-6.881316280568557,-7.463111315802534,-8.021652412608296,-9.61616467482545,-9.61616467482545,-10.23785289140325,-10.71477696349356,0.0778924731182795,0.6451612903225806,0.2790922304871269,41.7,62.31,283,Обрабатывающие производства,30.34,170.9,2.1,46.2,-7.3,147.8,-14.4,47.4,1.6,30.34,159.35000000000002,54.134,42.237,-0.4382549309311553,-1.2762129765660446,0.142,0.5660000000000001,0.292,0.252,0.515,1.053,1.65,640810.6,1.5605234994552213e-06
13,13,Тамбовская область,131,0.237,0.4266145801540308,76.3,13,13,13,2973,0.0032227327863468,-5.737525587948692,922509,0.0001008120245981,2.710000661240161e-05,0.0004401041073854,1.300800317395277e-05,0.0003241160790843,93,25,406,12,299,835,0.09051402208542,-0.335483870967742,473.8,110.8,0.0858291502957423,0.9560813830931976,1,Русские (великороссы),0.6014744794204626,-7.00742068609595,-8.034408837556175,-7.728499251345062,-10.51597658607859,-10.51597658607859,-9.20225291779387,-11.24994576115879,0.0876989247311828,0.7419354838709677,0.2961400424312504,30.8,60.82,243,Обрабатывающие производства,29.38,145.6,2.0,39.3,9.2,137.8,-6.4,40.4,2.0,29.38,141.7,54.353,41.8665,-0.2984929885559965,-1.2169228202205236,0.141,0.557,0.302,0.253,0.543,1.156,1.45,543703.9,1.8392363931912203e-06
14,14,Тверская область,253,0.126,0.3331666249791536,87.4,14,14,14,3330,0.0029950137069095,-5.810806470827701,1111848,5.576301796648463e-05,9.443736913678848e-05,0.0005045653722451,4.586957929501155e-05,0.0003192882480339,62,105,561,51,355,1134,0.10199235866772999,-0.2774193548387097,629.4,109.35,0.1131643689568038,0.9416354059502966,1,"Русские (великороссы, кержаки, кривичи, русаки, староверы)",0.7631947103288892,-6.888027569514483,-8.04941626432676,-7.591813148279522,-9.267573703644642,-9.267573703644642,-9.794399668757071,-9.98970842107784,0.0551397849462365,0.8709677419354839,0.2348186213787922,41.2,70.7,293,Обрабатывающие производства,34.81,151.9,-13.8,43.1,-16.5,153.2,-0.1,44.1,1.2,34.81,152.55,51.349,43.0795,-0.1381503384808171,-1.4489418867674435,0.143,0.5589999999999999,0.298,0.257,0.534,1.2506666666666666,2.1,622862.0,1.6054920672636956e-06
15,15,Тульская область,263,0.137,0.3449637662132068,86.3,15,15,15,6368,0.0044691796444587,-5.41055041192898,1424870,4.210910469025245e-05,0.0001200109483672,0.0007376111504909,0.0001136945826636,0.0008302511808094,60,171,1051,162,1183,2627,0.18436769670215,-0.196875,1004.3,109.14,0.1143951817170678,0.9409956465863912,1,"Русские (великороссы, горяне, русаки, сибиряки)",0.733265210689482,-6.295993349767667,-7.093782275474886,-7.212093768576258,-9.027927582950682,-9.027927582950682,-10.07524657723108,-9.081994804221512,0.0364415322580645,0.8125,0.190896653344328,33.4,76.78,329,Обрабатывающие производства,55.42,108.5,1.5,36.3,19.4,100.8,-7.7,32.7,-10.6,55.42,104.65,65.33,60.375,-0.2076393647782445,-1.6560230793400492,0.136,0.564,0.3,0.24,0.532,1.1383333333333332,1.9,778402.9,1.2846817502863876e-06
16,16,Ярославская область,130,0.185,0.3898717737923585,81.5,16,16,16,3104,0.0029557822967304,-5.82399192653444,1050145,7.713220555256655e-05,8.189345280889782e-05,0.0005018354608173,6.189621433230649e-05,0.0004370824981312,81,86,527,65,459,1218,0.11598398316422,-0.15625,748.3,110.29,0.0682744065446485,0.965215274909191,1,"Русские (великороссы,  древляне, кубанцы, русаки, русичи, сибиряки)",0.8107018368984907,-6.759473359567773,-7.73538859777701,-7.5972382592962,-9.410091511584024,-9.410091511584024,-9.469989653165094,-9.690051537941894,0.0502822580645161,0.625,0.2242370577413914,44.1,68.22,340,Обрабатывающие производства,47.99,151.0,-1.8,36.3,4.8,130.4,-14.1,37.4,2.5,47.99,140.7,59.367,53.6785,-0.4700036292457356,-1.4950514932365189,0.166,0.552,0.282,0.302,0.51,1.2746666666666666,2.2,713444.2,1.4016513134453963e-06
17,17,г. Москва,486,0.239,0.4266145801540308,76.1,17,17,17,59419,0.0047889011680537,-5.341454295117201,12407648,0.0002430758835195,0.0001882709760947,0.0003619541753602,5.835110731703543e-05,0.0007166547600318,3016,2336,4491,724,8892,19459,0.15683069023234,-0.1633333333333334,28507.4,110.09,0.1860472196867621,0.90207995692781,1,"Русские (великороссы, гураны, древляне,  кержаки, кривичи, кубанцы, кулугуры, мещеряки, молокане, русаки, русичи, сибиряки, скобари, чалдоны, челдоны, якутяне)",1.0,-6.457758647683673,-7.240916339557804,-7.923992941554127,-8.5776282706939,-8.5776282706939,-8.322136885514283,-9.749032222256067,0.0755057471264367,0.5666666666666667,0.2747830910489886,56.5,98.1,460,Оптовая и розничная торговля,81.15,102.2,-3.0,38.3,6.1,99.6,-2.3,43.3,13.4,81.15,100.9,84.085,82.6175,-0.5679840376059393,-1.291773252372124,0.133,0.614,0.253,0.218,0.411,1.4533333333333331,0.5,2463550.4,4.059182227406429e-07
18,18,Республика Карелия,134,0.41,0.4939635614091388,59.0,18,18,18,1061,0.0021996703604266,-6.119447766014154,482345,4.146409727477221e-05,0.0001368315210067,0.0003151271392882,9.122101400449884e-05,0.0001948812571914,20,66,152,44,94,376,0.07795250287657,-0.1791666666666667,391.4,108.57,0.2498955785660372,0.8639718588788079,1,"Русские (великороссы, древляне, русаки, сибиряки, скобари)",0.7947163964653428,-7.156825761238236,-8.543120122358255,-8.06253438378205,-8.896760162602035,-8.896760162602035,-10.09068263107412,-9.302225270709847,0.0860688405797101,0.4583333333333333,0.2933749147076316,47.1,56.61,390,Обрабатывающие производства,26.47,210.1,-6.4,47.9,-5.4,214.5,1.3,48.6,0.7,26.47,212.3,43.628,35.049,-0.7801585575495751,-1.2263039155391329,0.171,0.546,0.283,0.313,0.52,1.4876666666666667,3.1,825855.7,1.2108652879673774e-06
19,19,Республика Коми,43,0.163,0.3741657386773941,83.7,19,19,19,1243,0.0021018350051066,-6.164944503848649,591388,0.0001302021684579,0.0001285112312052,0.0001386568547214,6.763749010801707e-06,0.0001707846625227,77,76,82,4,101,340,0.05749186659180999,-0.11875,975.7,109.3,0.4643721056891915,0.6969030378591425,1,"Русские (великороссы, русаки, сибиряки, староверы, чалдоны, якутяне)",0.7746502352094523,-7.461281977749217,-8.675107078518339,-8.883508348095345,-8.959494255073267,-8.959494255073267,-8.946422173505916,-11.90393323423946,0.0925403225806451,0.5625,0.3042044092064498,33.7,63.34,395,Транспортировка и хранение,27.45,213.2,4.7,56.4,15.8,180.0,-16.3,54.2,-4.6,27.45,196.6,46.262,36.856,-0.5753641449035618,-1.190055404829214,0.188,0.574,0.238,0.328,0.415,1.5336666666666667,2.65,1450357.4,6.894852261932129e-07
20,20,Архангельская область,55,0.182,0.3898717737923585,81.8,20,20,20,1288,0.0013567506243896,-6.6026626848111,949327,1.264053376760589e-05,2.106755627934316e-05,0.000158006672095,3.160133441901474e-06,9.164386981514273e-05,12,20,150,3,87,272,0.028651876539900003,-0.3,700.2,108.04,0.0738236722178845,0.9623132391982996,1,"Русские (русаки, чалдоны)",0.7728703223637592,-8.157706525179561,-9.297600472820742,-8.752873297379535,-10.76777631792134,-10.76777631792134,-11.27860194168733,-12.66489630280722,0.1013333333333333,0.8387096774193549,0.3183289703016886,34.6,55.93,447,Обрабатывающие производства,39.7,179.1,2.9,48.1,-5.1,173.9,-3.7,49.1,1.1,39.7,176.5,41.326,40.513000000000005,-0.1758906664636641,-1.1446699331220125,0.179,0.5529999999999999,0.268,0.325,0.485,1.4243333333333332,0.25,1260674.9,7.932259141512217e-07
21,21,Вологодская область,187,0.444,0.4979959839195493,55.6,21,22,22,2380,0.0022962134668095,-6.076493831497485,1036489,5.113416543735631e-05,0.0001157754689147,0.0003261009041099,5.78877344573845e-06,0.0004544187154904,53,120,338,6,471,988,0.09532180273982,-0.2354838709677419,1024.2,110.02,0.064685796164132,0.9671047805961124,1,"Русские (ведруссы, великороссы, русаки, сибиряки, чалдоны,челдоны)",0.7241489744292006,-6.955666900415169,-7.696491504146701,-8.02830370268005,-9.06385785538152,-9.06385785538152,-9.881057684610846,-12.05959012893491,0.1676989247311828,0.6774193548387096,0.4095105917203886,43.9,63.55,344,Обрабатывающие производства,38.29,152.8,-0.9,41.6,6.7,145.8,-5.2,42.8,2.1,38.29,149.3,50.918,44.604,-0.3894647667617233,-0.8927925110164524,0.18,0.5539999999999999,0.266,0.324,0.479,1.3236666666666668,1.55,961567.4,1.0399687011019716e-06
22,22,Калининградская область,562,0.263,0.4404543109109048,73.7,22,23,23,14017,0.0077341487746309,-4.86210984954154,1812352,0.0002383642912635,0.0003244402853308,0.0006455699555053,3.972738187725122e-05,0.0020360283212091,432,588,1170,72,3690,5952,0.32841302351861,-0.1870967741935484,738.0,110.34,0.165926223432023,0.9129813038368976,1,"Русские (великороссы, гураны, кривичи, сибиряки, скобари, чалдоны, челдоны, якутяне)",0.7678350547493801,-5.718653430691661,-6.196754270170027,-7.345376979412836,-8.033409059306223,-8.033409059306223,-8.341710418960508,-10.13346988818853,0.0558279569892472,0.7741935483870968,0.2362794044965564,48.5,63.33,250,Обрабатывающие производства,28.92,126.6,3.3,36.0,29.1,125.0,-1.1,38.7,7.7,28.92,125.8,67.717,48.3185,-0.2559333741372006,-1.4427402568757337,0.163,0.588,0.249,0.277,0.424,1.213666666666667,1.85,760027.0,1.31574273019248e-06
23,23,Мурманская область,190,0.4,0.4909175083453431,60.0,23,24,24,1697,0.0028175327909679,-5.871893673797606,602300,8.301510874979246e-05,0.0002872322762742,0.0001477668935746,8.301510874979247e-06,0.0003569649676241,50,173,89,5,215,532,0.08832807570977,-0.196875,1148.7,108.15,0.1905313422860865,0.8993093655199123,1,"Русские (великороссы, русаки, сибиряки)",0.9309540782096132,-7.031867449690272,-7.937872910904171,-8.819874569299879,-8.155219344534318,-8.155219344534318,-9.396487933603666,-11.69907302659771,0.1145060483870968,0.78125,0.3383874235061002,33.7,68.66,395,Обрабатывающие производства,39.72,189.4,3.3,58.2,13.4,184.0,-3.2,57.2,-2.1,39.72,186.7,55.343,47.5315,-0.2468600779315257,-1.083563816520771,0.182,0.595,0.223,0.305,0.376,1.378,2.45,1714647.5,5.832102516698038e-07
24,24,Новгородская область,422,0.284,0.4516635916254485,71.6,24,25,25,1562,0.0030596314730695,-5.789460803907978,510519,6.855768345546395e-05,4.896977389675996e-05,0.0004505219198501,3.134065529392638e-05,0.0004093873097769,35,25,230,16,209,515,0.10087773422731999,-0.236,380.6,109.2,0.089258902477488,0.95427440899738,1,"Русские (великороссы, гураны, русаки, сибиряки, чалдоны)",0.7297540054886379,-6.899016233643908,-7.800848882342811,-7.705103825384597,-9.924307309439389,-9.924307309439389,-9.587835072818176,-10.37059441206781,0.2382333333333334,0.8,0.4880915214724933,38.6,65.76,279,Обрабатывающие производства,40.75,197.3,7.0,57.5,5.9,191.9,-3.5,58.3,0.6,40.75,194.6,51.424,46.087,-0.2231435513142097,-0.7172523467121567,0.1669999999999999,0.537,0.296,0.311,0.55,1.2086666666666668,0.95,712876.7,1.402767126489055e-06
25,25,Псковская область,506,0.506,0.5,49.4,25,26,26,2015,0.0034695676729273,-5.663725282719835,580764,4.821235476028128e-05,4.993422457314848e-05,0.0006009325646906,8.781536045622662e-05,0.0005596076891818,28,29,349,51,325,782,0.13465021936621002,-0.2592592592592592,357.0,108.47,0.0825406275073176,0.9577831821552454,1,"Русские  (великороссы, кривичи,  русаки, сибиряки, скобари, челдоны, якутяне)",0.7085483838660355,-6.610245016555314,-7.488274574770922,-7.417027834898248,-9.90480392711412,-9.90480392711412,-9.93989524692539,-9.340274124376268,0.2286609686609687,0.5925925925925926,0.4781850778317625,36.1,58.13,284,Обрабатывающие производства,20.44,151.7,2.3,49.2,23.0,158.4,3.3,49.0,-1.6,20.44,155.05,49.027,34.7335,-0.5232481437645479,-0.7377574293135474,0.155,0.5529999999999999,0.292,0.281,0.529,1.2940000000000005,2.15,494039.9,2.0241280107133046e-06
26,26,г. Санкт-Петербург,448,0.259,0.4381780460041329,74.1,26,27,27,45228,0.0028588422914985,-5.857338529283595,15820390,9.234917723267251e-05,3.92531410414029e-05,0.0001382393227979,6.934089488312235e-05,0.0001982252017807,1461,621,2187,1097,3136,8502,0.053740773773589996,-0.2148148148148148,11166.4,109.46,0.1785736652857043,0.9062639051325216,1,"Русские (великороссы, кулугуры, русаки, сибиряки, чалдоны)",1.0,-7.528753463420035,-8.526106790868633,-8.88652415166257,-10.14547909040525,-10.14547909040525,-9.28993376058803,-9.5764757120635,0.0582336182336182,0.6296296296296297,0.2413164276082717,62.9,97.1,478,Обрабатывающие производства,70.99,119.7,6.4,36.6,11.1,116.2,-2.9,40.6,10.8,70.99,117.95,83.388,77.189,-0.4626235219481129,-1.421646229065181,0.139,0.602,0.259,0.231,0.429,1.2573333333333334,1.5,1948243.8,5.132827831917135e-07
27,27,Республика Адыгея,22,0.364,0.4919349550499537,63.6,27,28,28,2335,0.0050736824722196,-5.283688399144456,460218,0.0002542273444324,3.259324928620784e-05,0.0002520544611466,0.0006496921024384,0.000325932492862,117,15,116,299,150,697,0.15144996501657002,-0.1894736842105263,358.0,107.49,0.533856228700468,0.6443319974027719,1,"Русские (русаки, сибиряки)",0.4944278314625282,-6.492670158486972,-8.028820275151421,-8.285865378141365,-10.33140536814523,-10.33140536814523,-8.277281634449764,-7.339011995856764,0.0532163742690058,0.631578947368421,0.2306867448923016,46.0,57.01,214,Обрабатывающие производства,19.19,76.2,-13.5,23.6,15.5,90.0,18.6,33.6,43.0,19.19,83.1,63.667,41.4285,-0.4595323293784402,-1.4666945714899278,0.193,0.5720000000000001,0.235,0.339,0.411,1.382,1.3,446662.0,2.2388293609037704e-06
28,28,Республика Калмыкия,79,0.304,0.4626013402488151,69.6,28,29,29,919,0.003573053191448,-5.634334812996539,257203,3.499181580308161e-05,0.0001866230176164,0.0001321913041449,0.001318025061916,0.0005248772370462,9,48,34,339,135,565,0.21967084365267,-0.1366666666666667,371.0,110.26,0.5421151563226221,0.2570624462735955,0,"Калмыки (болдыры, калмыки-ойраты, ойрат, ойрат-калмыки, ойраты, хальмг, хойты) ",0.4668161552485092,-6.120795204205827,-7.552346156913843,-8.931260410736632,-8.586419924444524,-8.586419924444524,-10.26039635801601,-6.631620827971832,0.0761954022988505,0.6666666666666666,0.2760351468542558,56.0,35.29,206,Государственная служба,15.12,99.5,-2.3,25.2,0.8,104.4,5.8,33.5,34.2,15.12,101.95,45.939,30.5295,-0.4054651081081644,-1.2872270776976646,0.215,0.563,0.222,0.381,0.395,1.2623333333333333,3.35,627610.2,1.593345678575651e-06
29,29,Республика Крым,229,0.253,0.4358898943540673,74.7,29,30,30,5761,0.0031255459261566,-5.768146314681294,1843198,3.797747176374974e-05,1.302084746185706e-05,2.332901836916056e-05,4.340282487285685e-06,0.0001019966384512,70,24,43,8,188,333,0.018066425853320002,-0.1333333333333333,655.9,109.57,0.441050154700884,0.7293974676707465,1,"Русские (великороссы, гураны, киржаки, кубанцы, мещеряки, русаки, сибиряки, чалдоны, якутяне)",0.5047264851677065,-8.618870174433601,-9.19057070158386,-10.66581254872011,-11.24895883406573,-11.24895883406573,-10.17851742236432,-12.34757112273384,0.1519540229885058,0.4666666666666667,0.3898128050596925,43.3,61.87,219,Обрабатывающие производства,29.71,110.0,1.5,31.5,11.3,115.1,4.2,33.7,6.6,29.71,112.55,55.808,42.759,-0.7621400520468967,-0.9420886421155216,0.173,0.5539999999999999,0.273,0.312,0.493,1.5046666666666668,2.25,377647.9,2.647969179757123e-06
30,30,Краснодарский край,782,0.281,0.4494441010848846,71.9,30,31,31,14284,0.0025062551102408,-5.98896562791265,5699340,0.0001282604652468,2.666975474353171e-05,8.141293553288627e-05,1.193120606947471e-05,0.0001482627813045,731,152,464,68,845,2260,0.039653714289720005,-0.05,4304.0,109.48,0.1457481605636364,0.9234344562076146,1,"Русские (ведруссы, великороссы, гураны,  кубанцы, мещеряки, молокане, русаки, сибиряки, челдоны,  якутяне)",0.5687974851467206,-7.832740844360765,-8.816524309269814,-9.41597638440072,-10.5319804157807,-10.5319804157807,-8.961447476877611,-11.33635323145087,0.0956896551724137,0.5333333333333333,0.3093374454740547,45.7,76.4,239,Оптовая и розничная торговля,32.3,128.0,-3.4,37.2,10.0,126.4,-1.0,37.8,1.7,32.3,127.2,76.13,54.215,-0.6286086594223742,-1.1733225413940382,0.161,0.594,0.245,0.272,0.412,1.521,1.7999999999999998,819068.7,1.2208988086103156e-06
31,31,Астраханская область,51,0.196,0.4012480529547776,80.4,31,32,32,2462,0.0028782495753354,-5.85057295595315,855381,0.0002139397531626,3.273395130357115e-05,0.0002653788194968,0.0001110616204942,0.000653509956382,183,28,227,95,559,1092,0.12766241008391999,-0.1354838709677419,765.2,108.29,0.514737468537446,0.6709959628924472,1,"Русские (великороссы, русаки, чалдоны)",0.6435235621397668,-6.663536106392745,-7.333152789542453,-8.234352245216169,-10.32709775252233,-10.32709775252233,-8.449816109856236,-9.10542537109753,0.1056989247311828,0.5806451612903226,0.3251137104632513,31.6,61.22,197,Обрабатывающие производства,22.38,128.7,-6.3,38.2,5.2,117.6,-9.1,37.0,-3.4,22.38,123.15,51.323,36.8515,-0.5436154465889815,-1.1235802794970904,0.191,0.583,0.226,0.328,0.388,1.6256666666666666,1.95,819951.6,1.2195841803345466e-06
32,32,Волгоградская область,250,0.196,0.3974921382870358,80.4,32,33,33,3418,0.0015240014624706,-6.486415862091765,2242780,3.56700166757328e-05,9.36337937737986e-06,0.0001881593379644,1.248450583650648e-05,0.0001685408287928,80,21,422,28,378,929,0.04142180686469,-0.2096774193548387,1218.8,108.72,0.1436018764654198,0.92516183476639,1,"Русские (великороссы, кулугуры, молокане, русаки, сибиряки, чалдоны)",0.7739966034610788,-7.789117986953522,-8.68833253014788,-8.578221411731715,-11.57870428804382,-11.57870428804382,-10.24120009109336,-11.29102221559204,0.0749032258064516,0.5806451612903226,0.2736845370247498,31.9,73.32,239,Обрабатывающие производства,39.47,132.9,-8.9,39.1,1.0,136.2,1.8,42.2,7.2,39.47,134.55,55.76,47.615,-0.5436154465889815,-1.2957791606047229,0.133,0.604,0.263,0.22,0.434,1.1123333333333332,1.95,562548.1,1.777625771022958e-06
33,33,Ростовская область,252,0.234,0.4242640687119285,76.6,33,34,34,14116,0.001421702761997,-6.555899997582017,9928939,2.447391408084993e-05,1.238803058413392e-05,6.81845260606395e-05,6.979597719353498e-05,0.0001623537016392,243,123,677,693,1612,3348,0.03371961495583,-0.15625,2325.8,109.46,0.158509365638237,0.9169360737896256,1,"Русские (великороссы, русаки, сибиряки)",0.6788505042815187,-7.994845750768021,-8.725733259310699,-9.593292909464884,-11.29877982700474,-11.29877982700474,-10.61790273903661,-9.569934183187256,0.065766129032258,0.625,0.2564490768793252,40.9,72.91,246,Обрабатывающие производства,50.95,130.8,-4.8,35.9,14.0,125.2,-4.6,36.7,1.9,50.95,128.0,68.296,59.623000000000005,-0.4700036292457356,-1.36082516476603,0.152,0.585,0.263,0.259,0.449,1.295,2.05,647630.7,1.5440898647948594e-06
34,34,Республика Дагестан,164,0.207,0.406201920231798,79.3,34,35,35,2610,0.0008632662356068,-7.05478741433347,3023401,4.961300204637096e-06,8.599587021370966e-06,2.811403449294354e-05,1.323013387903226e-06,3.572136147338709e-05,15,26,85,4,108,238,0.007871929658024192,-0.2793103448275862,913.3,111.03,0.8281917117196076,0.0326212116522969,0,"Аварцы (аварал, аваро-даргинцы, аваро-кумыки, аваро-лезгины, аваро-чеченцы, аварцы белоканские, маарулал, телетлинцы, тляратинцы, хунзахцы)",0.4521104921538101,-9.449622240978671,-10.23976168752593,-10.47924165815983,-11.66379637662866,-11.66379637662866,-12.21384271354794,-13.53559855353026,0.2338423645320198,0.6206896551724138,0.4835725018360947,30.0,18.06,93,Государственная служба,17.33,43.7,-2.4,12.7,-4.1,42.9,-1.1,14.1,12.1,17.33,43.3,47.633,32.4815,-0.4769240720903093,-0.7265540232392801,0.267,0.606,0.127,0.441,0.209,1.8213333333333328,11.0,321237.1,3.112965470053117e-06
35,35,Республика Ингушетия,122,0.41,0.4939635614091388,59.0,35,36,36,236,0.0004835956566552,-7.634261420539403,488011,8.196536553479328e-06,0.0,2.868787793717765e-05,0.0,3.278614621391731e-05,4,0,14,0,16,34,0.006967056070457428,-0.0214285714285714,361.0,108.74,0.0701004907970973,0.0067068862659502,0,"Ингуши (галга, галгаи, карабулакцы, мелхи с языком ингушским, мелхистинцы, нарт-орстхойцы, ортсхой, орстхо, орцхо, аланы с языком ингушским, вайнахи с языком ингушским, чечено-ингуши с языком ингушским)",0.5479755309190035,-9.571732700948685,-10.32550450332507,-10.45903589594959,-inf,-inf,-11.71179886444496,-inf,0.0847089947089947,0.4285714285714285,0.2910480968997989,13.3,6.7,80,Государственная служба,7.45,40.8,-5.2,18.9,10.6,36.8,-8.4,14.5,-22.3,7.45,38.8,34.085,20.7675,-0.8472978603872038,-1.2342667440255095,0.246,0.6629999999999999,0.091,0.371,0.138,1.8113333333333328,24.55,182203.7,5.488362750042946e-06
36,36,Кабардино-Балкарская Республика,246,0.268,0.4438468204234429,73.2,36,37,37,1495,0.0016585385335634,-6.401818465862507,901396,2.551597743943838e-05,4.437561293815371e-06,3.88286613208845e-05,5.879768714305367e-05,8.986061619976126e-05,23,4,35,53,81,196,0.02174405033969,-0.1321428571428571,,108.98,0.6148499787321677,0.1983946164822553,0,"Кабардинцы (адыге с языком кабардинским, адыги с языком кабардинским, адыги-черкесы с языком кабардинским, адыгэ с языком кабардинским, армяно-кабардинцы с языком кабардинским, кабардино-балкарцы, моздокские кабардинцы, чечено-кабардинцы с языком кабардино-черкесским)",0.518867507188675,-8.433585292456964,-9.3172507970148,-10.15635189019782,-12.32540559056735,-12.32540559056735,-10.57620573575809,-9.741408038135114,0.1281878306878307,0.5357142857142857,0.3580332815365503,30.6,24.25,109,Государственная служба,18.74,77.2,-6.0,25.7,12.2,76.8,-0.3,27.6,7.5,18.74,77.0,51.866,35.303,-0.6241543090729939,-1.027129331716537,0.214,0.597,0.1889999999999999,0.358,0.316,1.6096666666666668,2.8,321883.7,3.106712144790184e-06
37,37,Карачаево-Черкесская Республика,32,0.125,0.3361547262794322,87.5,37,38,38,890,0.0019074235208895,-6.262001889507478,466598,2.786124243995902e-05,1.285903497228878e-05,1.071586247690732e-05,0.0010415818327553,0.0001757401446212,13,6,5,486,82,592,0.12687581172658,-0.1909090909090909,353.0,108.78,0.7029806098183193,0.2754798518352228,0,"Карачаевцы (аланы с языком карачаевским, карачаево-черкесы, карачай)",0.4134911091483724,-6.669716717349678,-8.646504104969864,-11.44378543979956,-11.26146388300561,-11.26146388300561,-10.48827399477213,-6.867014728333256,0.0313419913419913,0.8636363636363636,0.1770366949024731,28.1,31.37,126,Государственная служба,14.21,95.1,0.5,26.6,1.0,107.9,13.4,33.8,27.1,14.21,101.5,41.889,28.0495,-0.1466034741918754,-1.7313982520620843,0.208,0.585,0.207,0.356,0.353,1.346,3.75,305968.9,3.268306027181193e-06
38,38,РСО-Алания,97,0.289,0.454972526643093,71.1,38,39,39,1077,0.0016613499355204,-6.400124792924257,648268,6.170287597104901e-06,7.712859496381126e-06,5.090487267611543e-05,7.404345116525881e-05,7.095830736670637e-05,4,5,33,48,46,136,0.02097897783015,-0.0511,364.0,109.71,0.4981120490597539,0.1891396343774902,0,"Осетины (аланы, северо-осетины)",0.6321009315392146,-8.469404584344854,-9.553418073591493,-9.885551908614108,-11.77262155764649,-11.77262155764649,-11.9957651089607,-9.510858459172695,0.0611029411764706,0.5537,0.2805352027821107,31.2,27.94,156,Государственная служба,17.04,127.5,7.6,39.3,8.3,154.4,20.8,42.7,8.5,17.04,140.95,49.035,33.037499999999994,-0.3483066942682157,-1.3975976384343476,0.183,0.5920000000000001,0.225,0.309,0.38,1.6043333333333332,6.800000000000001,392101.6,2.5503593966461754e-06
39,39,Чеченская Республика,142,0.296,0.458257569495584,70.4,39,40,40,1601,0.0010605163343362,-6.848999381592345,1509642,2.914598295489924e-05,2.649634814081749e-05,1.788503499505181e-05,0.0,9.273721849286122e-06,44,40,27,0,14,125,0.008280108794005467,-0.2192307692307692,352.0,109.49,0.0700198559028906,0.0120629537259138,0,"Чеченцы (вайнахи, грозненцы, мелхи, нохчий, нохчо, чечено-ингуши)",0.3815527156042001,-9.39906935728674,-11.58832576497378,-10.93154622858471,-10.5385036404751,-10.5385036404751,-10.44319346067078,-inf,0.1984153846153847,0.6153846153846154,0.4454384184322056,29.5,21.86,118,Государственная служба,13.34,14.6,-7.5,4.2,-3.4,16.6,15.6,5.3,27.3,13.34,15.6,48.327,30.8335,-0.4855078157817007,-0.8086962718566912,0.307,0.584,0.109,0.527,0.186,2.674666666666667,6.05,257429.5,3.884558684999194e-06
40,40,Ставропольский край,149,0.168,0.3754996671103717,83.2,40,41,41,73217,0.0026923555811229,-5.917338787838232,27194402,0.0001250257313986,8.737092288331988e-05,0.0003416879694578,0.0001274894737527,0.0003602947400718,3400,2376,9292,3467,9798,28333,0.10418688375644,-0.2709677419354839,1200.0,110.19,0.3093798762085417,0.8290221282204809,1,"Русские (великороссы, горяне, гураны, кубанцы, молокане, русаки, русичи, чалдоны, якутяне)",0.6055489884588386,-6.866739219231933,-7.928588139062834,-7.981612607370947,-9.34534802077862,-9.34534802077862,-8.986990990657622,-8.967476755576312,0.0554623655913978,0.6451612903225806,0.2355044916586472,32.8,66.02,206,Обрабатывающие производства,32.41,115.0,-0.9,34.3,2.0,107.2,-7.0,34.8,1.2,32.41,111.1,62.184,47.297,-0.4382549309311553,-1.4460252928470516,0.171,0.595,0.2339999999999999,0.287,0.394,1.2576666666666665,3.3,464154.3,2.1544559643204857e-06
41,41,Республика Башкортостан,402,0.164,0.3714835124201342,83.6,41,42,42,7629,0.0018735927793124,-6.279897419039221,4071856,6.630882821003494e-05,2.013823671564024e-05,0.0001932779548196,9.577941852560602e-06,0.0002141529562931,270,82,787,39,872,2050,0.050345591789099996,-0.2208333333333333,2242.6,108.87,0.7005605673703938,0.3749337638033998,1,"Русские (великороссы, гураны, кержаки, мерещяки, молокане, русаки, русско-устьинцы, челдоны)",0.6184132024481458,-7.594014400996992,-8.448820049220688,-8.551381224712136,-10.81289022586518,-10.81289022586518,-9.62118751413106,-11.55604782699979,0.1678079710144927,0.6666666666666666,0.4096437122848253,36.6,82.66,285,Обрабатывающие производства,52.48,127.9,2.8,36.9,13.6,126.1,-1.7,36.2,-2.3,52.48,127.0,63.187,57.8335,-0.4054651081081644,-0.8924674915055796,0.18,0.5770000000000001,0.243,0.312,0.421,1.348,0.95,604343.3,1.654688651301338e-06
42,42,Республика Марий Эл,161,0.168,0.3741657386773941,83.2,42,43,43,1777,0.0028491353186959,-5.860739727684551,623698,3.687682179516368e-05,6.41336031220238e-05,0.0005499456467713,0.0004489352218541,0.0004970354241956,23,40,343,280,310,996,0.15969267177383,-0.2398,,110.65,0.5606490491085875,0.5251276914395919,1,"Русские (великороссы, русаки)",0.6836524161235392,-6.439674298254659,-7.606849258360177,-7.505691108673358,-9.654542101725262,-9.654542101725262,-10.20792733991005,-7.708631952670098,0.1181818181818182,0.7131,0.3635931792539568,38.4,62.3,266,Обрабатывающие производства,35.41,123.5,7.2,38.9,25.6,158.7,28.1,43.5,11.2,35.41,141.1,51.213,43.3115,-0.2006706954621511,-1.0677655041654397,0.186,0.5579999999999999,0.256,0.333,0.458,1.3143333333333334,1.5,453700.8,2.20409573886579e-06
43,43,Республика Мордовия,89,0.135,0.3435112807463533,86.5,43,44,44,3170,0.0041366099111607,-5.487878688634049,766328,2.609848524391644e-05,8.351515278053261e-05,0.0007672954661711,0.0006107045547076,0.0004358447035734,20,64,588,468,334,1474,0.19234583624766,-0.23125,369.0,108.71,0.5510603377523067,0.54092062582841,1,Русские (русаки),0.6331794188515887,-6.253630482756102,-7.738224562528671,-7.172638607606792,-9.39048247214569,-9.39048247214569,-10.55363328195137,-7.400897259587788,0.0538306451612903,0.75,0.2320143210262899,31.4,62.37,292,Обрабатывающие производства,46.76,103.6,-1.4,31.4,14.6,125.9,20.6,36.2,14.5,46.76,114.75,54.331,50.5455,-0.2876820724517809,-1.4609561806593618,0.147,0.568,0.285,0.259,0.503,1.0,1.7,516284.8,1.9369154389205337e-06
44,44,Республика Татарстан,473,0.29,0.4538722287164087,71.0,44,45,45,14439,0.0036867081901145,-5.603021308478121,3916502,0.0001585598577506,0.0001756669599555,0.0003589938164208,0.000355163868166,0.0005093831178944,621,688,1406,1391,1995,6101,0.15577676201875998,-0.3225806451612903,4179.3,109.66,0.5495336078376197,0.4034475876851959,0,"Татары (башкирские татары, волжские татары, казанские татары, касимовские татары, поволжские татары, татар, татарлар, татаро-башкиры, татаро-русские с языком татарским, татары-мишари, тептяри, типтяр, нугай с языком татарским)",0.7675891659252664,-6.46450149529748,-7.582310137125538,-7.932205394078934,-8.646920628516513,-8.646920628516513,-8.749378384515945,-7.942931274525975,0.1038064516129032,0.8387096774193549,0.3221900861493153,45.0,84.6,344,Обрабатывающие производства,69.44,138.6,6.2,42.8,15.4,140.4,1.4,40.4,-5.6,69.44,139.5,75.062,72.251,-0.1758906664636641,-1.1326135779574773,0.184,0.5720000000000001,0.244,0.321,0.425,1.4526666666666668,1.7,1145173.9,8.732298212524754e-07
45,45,Удмуртская Республика,84,0.262,0.4427188724235731,73.8,45,46,46,1936,0.0015368958197386,-6.477990598285347,1259682,3.016634356925002e-05,3.969255732796055e-05,0.00014765631326,2.14339809570987e-05,0.0004112148939176,38,50,186,27,518,819,0.06501640890318999,-0.1655172413793103,965.7,110.38,0.4802350645115562,0.6771314916700325,1,"Русские (ведруссы, великороссы, древляне, кержаки, молокане, русаки, сибиряки, староверы)",0.6567800984779554,-7.338285782268922,-7.796394623862538,-8.820623192408735,-10.1343468606937,-10.1343468606937,-10.40878370639546,-10.75053300011752,0.0673399014778325,0.5862068965517241,0.2594993284727968,47.6,70.15,352,Обрабатывающие производства,43.57,166.8,-2.1,55.8,11.7,177.8,6.0,59.9,6.9,43.57,172.3,57.605,50.5875,-0.534082485930258,-1.349001164152965,0.187,0.561,0.252,0.334,0.45,1.3456666666666666,1.0,766752.8,1.3042013019059076e-06
46,46,Чувашская Республика,64,0.125,0.3331666249791536,87.5,46,47,47,2491,0.002245991522757,-6.098608197046562,1109087,2.524599062111449e-05,2.344270557674916e-05,0.0002281155581122,0.0002804108243988,0.0001379513058939,28,26,253,311,153,771,0.06951663846028,-0.0741935483870967,501.5,111.04,0.4988346406852742,0.3070240648303646,0,"Чуваши (сувары, чаваш)",0.638621832002285,-7.271359338745454,-8.888609790916645,-8.385658223581276,-10.66095117428726,-10.66095117428726,-10.58684320213354,-8.17925480012953,0.0759784946236559,0.6774193548387096,0.2756419681827423,43.2,69.62,272,Обрабатывающие производства,42.0,109.8,1.2,33.4,7.1,105.2,-4.7,36.6,8.9,42.0,107.5,61.543,51.7715,-0.3894647667617233,-1.2886524721081514,0.192,0.557,0.251,0.345,0.452,1.351,1.7,513893.6,1.945928106518548e-06
47,47,Пермский край,634,0.114,0.3178049716414141,88.6,47,48,48,5738,0.0024483240628696,-6.012351544470132,2343644,5.760260517382333e-05,0.0001198987559544,0.0004885554290668,3.413487714004345e-05,0.0002461978013725,135,281,1145,80,577,2218,0.09463894687077,-0.2875,2002.8,109.86,0.198286444214379,0.8941263402920558,1,"Русские (ведруссы, великороссы, гураны, кержаки, кубанцы, русаки, сибиряки, чалдоны, челдоны, якутяне)",0.7563197829731027,-6.962856373101127,-8.309375274503592,-7.624057625023242,-9.028862871677712,-9.028862871677712,-9.761942762573003,-10.28519090633755,0.0566129032258064,0.875,0.2379346616737596,46.1,76.49,385,Обрабатывающие производства,57.29,167.0,2.1,46.0,10.1,174.3,3.8,45.0,-2.7,57.29,170.65,55.989,56.6395,-0.1335313926245226,-1.4357591737836586,0.183,0.5660000000000001,0.251,0.323,0.443,1.5003333333333335,1.7,878276.5,1.1385935978020588e-06
48,48,Кировская область,170,0.576,0.4959838707054897,42.4,48,49,49,1621,0.0015075087139769,-6.497296848963786,1075284,3.719947474341662e-05,8.276883130410199e-05,0.0001915772949285,9.299868685854156e-06,0.0002269167959348,40,89,206,10,244,589,0.05477622655968,-0.12,554.6,108.47,0.1382655441556067,0.9277649673121448,1,"Русские (великороссы, челдоны)",0.7777260592191942,-7.509669187047854,-8.390927145406405,-8.560219201910341,-9.399459000967283,-9.399459000967283,-10.19921591658549,-11.58551027770538,0.2345714285714285,0.6,0.484325746343748,43.3,62.72,343,Обрабатывающие производства,39.03,164.3,1.0,52.6,10.4,171.7,3.7,52.2,-1.4,39.03,168.0,47.464,43.247,-0.5108256237659907,-0.7249975690125385,0.166,0.531,0.303,0.313,0.572,1.4266666666666663,1.4500000000000002,534306.1,1.8715863434836324e-06
49,49,Нижегородская область,644,0.071,0.2569046515733026,92.9,49,50,50,5930,0.0022358922925814,-6.103114894535796,2652185,5.844237864251551e-05,5.693418822593447e-05,0.0002228351340498,1.583599937410098e-05,0.0004615062674737,155,151,591,42,1224,2163,0.08155539677661999,-0.275,2287.9,108.88,0.0933574778242743,0.9520981783233856,1,"Русские (великороссы, кулугуры, русаки, русичи, скобари)",0.799293709914511,-7.111642960574509,-7.681014923455512,-8.40907836912169,-9.773614549712642,-9.773614549712642,-9.74746926960832,-11.0532247682442,0.0458064516129032,0.84375,0.2140244182632048,41.4,78.43,371,Обрабатывающие производства,64.45,121.6,-4.9,36.4,7.7,109.5,-10.5,33.5,-8.5,64.45,115.55,65.142,64.79599999999999,-0.1698990367953974,-1.5416651664359884,0.151,0.5670000000000001,0.282,0.267,0.498,1.274333333333333,1.05,870132.1,1.1492507861737317e-06
50,50,Оренбургская область,664,0.166,0.3714835124201342,83.4,50,51,51,5192,0.0029012766846767,-5.842604402769774,1789557,0.0004800070632005,6.87320940322102e-05,0.0003101326194136,1.452873532388183e-05,0.0003911582587198,859,123,555,26,700,2263,0.12645587706901001,-0.2466666666666667,1571.4,109.75,0.362199268137314,0.7929489561443358,1,"Русские (великороссы, мещеряки, русаки, сибиряки, чалдоны)",0.5967917619326518,-6.673032015520219,-7.846398326110536,-8.078510547407364,-9.58529430578128,-9.58529430578128,-7.641709739169561,-11.13938212313221,0.1260229885057471,0.7666666666666667,0.3549971668981981,34.5,71.31,276,Обрабатывающие производства,31.65,120.6,2.1,34.3,16.4,112.4,-7.5,32.8,-5.1,31.65,116.5,56.789,44.2195,-0.2657031657330056,-1.035645470107022,0.185,0.5589999999999999,0.256,0.33,0.458,1.4593333333333334,1.3,961298.3,1.0402598236156249e-06
51,51,Пензенская область,228,0.263,0.4415880433163923,73.7,51,52,52,3945,0.0033142264746627,-5.709531023549114,1190323,7.476962135487595e-05,0.0001134145941899,0.0006569645381967,7.897016188043077e-05,0.0004595391334956,89,135,782,94,547,1647,0.13836580491177,-0.2032258064516129,592.9,109.73,0.2283073426139314,0.8757129957074682,1,"Русские (ведруссы, великороссы, кулугуры, русаки, сибиряки)",0.6873868794359844,-6.583024526651474,-7.685286454407303,-7.327880516283874,-9.08446047839135,-9.08446047839135,-9.50109888709693,-9.446440474559068,0.1156559139784946,0.6774193548387096,0.3400822164984441,39.2,71.21,276,Обрабатывающие производства,41.35,111.1,4.3,33.8,7.9,117.0,4.5,29.0,-14.9,41.35,114.05,57.861,49.6055,-0.3894647667617233,-1.078567877373319,0.155,0.5529999999999999,0.292,0.279,0.528,1.1413333333333333,1.2999999999999998,530871.2,1.883696082967017e-06
52,52,Самарская область,1210,0.153,0.3605551275463989,84.7,52,53,53,11763,0.0038157637788225,-5.568614430136448,3082738,0.0002199343570553,0.0001537594177643,0.0005216142273524,2.238270005430238e-05,0.0005962232275334,678,474,1608,69,1838,4667,0.15139139297598,-0.3,2378.5,109.77,0.1954522645115501,0.8961247153003329,1,"Русские (великороссы, древляне,кубанцы, мещеряки, русаки)",0.7959746921216228,-6.493056975147079,-7.42489541818131,-7.558582271358026,-8.780121399402036,-8.780121399402036,-8.422181433156556,-10.70722221649961,0.0587096774193548,0.8125,0.2423007994608248,43.1,80.81,327,Обрабатывающие производства,59.67,151.4,1.1,42.2,9.5,155.3,2.1,39.9,-5.9,59.67,153.35000000000002,67.029,63.3495,-0.2076393647782445,-1.4175753516982212,0.154,0.573,0.273,0.269,0.476,1.3046666666666666,1.9,844104.3,1.1846877216476684e-06
53,53,Саратовская область,232,0.203,0.4024922359499621,79.7,53,54,54,5210,0.0023023991352524,-6.073803597416544,2262857,0.0001780934455867,6.496212531326548e-05,0.0001926767798407,0.0001573232422552,0.0001263888968679,403,147,436,356,286,1628,0.07194444898638999,-0.19,1193.9,109.2,0.1940734218312906,0.8970103619140304,1,"Русские (великороссы, древляне, кубанцы, кулугуры, мещеряки, молокане, русаки, сибиряки)",0.7656600104398023,-7.237031185601468,-8.976146921344753,-8.554496488814921,-9.64170614538519,-9.64170614538519,-8.633202170217285,-8.757208001312247,0.0450689655172413,0.7333333333333333,0.2122945254057235,34.4,75.7,281,Обрабатывающие производства,38.22,122.2,0.6,34.6,1.9,124.4,0.9,40.2,15.1,38.22,123.3,55.762,46.991,-0.3101549283038396,-1.5497806976721946,0.147,0.581,0.272,0.253,0.469,1.069,1.3,561623.7,1.780551639825741e-06
54,54,Ульяновская область,261,0.249,0.433589667773576,75.1,54,55,55,43762,0.0039891168447892,-5.524185414738251,10970348,0.0003499433199384,0.0003975261313497,0.0007243161292604,1.376437648103779e-05,0.0003266076882884,3839,4361,7946,151,3583,19880,0.1812157645318,-0.31875,588.8,109.42,0.3834126220916919,0.7748808881764195,1,"Русские (ведруссы, вилежане, великороссы, кулугуры, мещеряки, русаки, сибиряки, чалдоны)",0.766774876853465,-6.31323707441832,-8.026750837324085,-7.230282618254346,-7.830249886786088,-7.830249886786088,-7.957739359628146,-11.19342671781391,0.083508064516129,0.75,0.2889776194035258,39.7,65.69,292,Обрабатывающие производства,55.03,98.1,-4.7,31.7,11.7,91.4,-7.5,30.0,-6.1,55.03,94.75,59.274,57.152,-0.2876820724517809,-1.2414060353787448,0.156,0.5579999999999999,0.286,0.279,0.513,1.271,1.55,572384.2,1.7470782736490632e-06
55,55,Курганская область,362,0.199,0.4,80.1,55,56,56,1314,0.0018882918718663,-6.272082630057595,695867,0.0004383021468182,4.885991144859578e-05,0.0002730406816245,0.0001250238910596,0.0001983137582325,305,34,190,87,138,754,0.10835403891834999,-0.3258064516129032,355.0,109.56,0.1269754040766178,0.9340361189573196,1,"Русские (великороссы, русаки, сибиряки, чалдоны)",0.6390007995766492,-6.827521461094245,-8.525660143945116,-8.205889756941675,-9.926553304485978,-9.926553304485978,-7.732602052494924,-8.987005710447892,0.1899784946236559,0.8064516129032258,0.4358652252975178,37.3,57.92,279,Обрабатывающие производства,28.68,171.7,-2.8,45.1,2.4,157.6,-9.3,39.3,-13.9,28.68,164.64999999999998,43.41,36.045,-0.2151113796169455,-0.8304221997094878,0.173,0.528,0.299,0.327,0.568,1.5313333333333332,1.3000000000000005,502403.0,1.990433974319421e-06
56,56,Свердловская область,448,0.203,0.4024922359499621,79.7,56,57,57,20135,0.0050299988783364,-5.292335517865266,4002983,0.0002975281184056,0.0006465178593064,0.000968277906751,6.744969938668239e-06,0.0004099442840501,1191,2588,3876,27,1641,9323,0.23290131384519,-0.2,3469.6,110.02,0.1470635554962847,0.9231739100351342,1,"Русские (великороссы, гураны, древляне,  кержаки, семейские, сибиряки, скобари, староверы, чалдоны, челдоны)",0.8575888299783696,-6.062310646854153,-7.799489300060883,-6.939991418140189,-7.343909735530047,-7.343909735530047,-8.120001821795837,-11.90671352514648,0.0762962962962962,0.6785714285714286,0.2762178421034678,48.2,82.03,376,Обрабатывающие производства,54.39,117.2,-4.1,30.7,5.5,114.9,-2.4,36.7,19.0,54.39,116.05,65.203,59.7965,-0.3877655310087634,-1.2865654416014198,0.168,0.5820000000000001,0.25,0.288,0.431,1.5126666666666668,0.8999999999999999,975700.6,1.0249045660113358e-06
57,57,Тюменская область,557,0.144,0.3507135583350036,85.6,57,58,58,14818,0.0045824831504525,-5.385514255190617,3233618,0.0003896564158165,0.0004032634652578,0.0008049806748972,2.164757865647705e-06,0.000333991213557,1260,1304,2603,7,1080,6254,0.19340565273943,-0.2166666666666667,1720.0,107.77,0.4106123502534506,0.7640983665991758,1,"Русские (ведруссы, великороссы, русаки, сибиряки, чалдоны, челдоны)",0.807817914124548,-6.248135654149474,-8.00439587204917,-7.124692287172749,-7.815920449680616,-7.815920449680616,-7.850245192221912,-13.0432020431119,0.122816091954023,0.7333333333333333,0.3504512690147134,49.1,79.78,366,Обрабатывающие производства,53.82,152.5,4.0,48.6,13.1,148.2,-2.4,46.8,-3.2,53.82,150.35,64.808,59.31400000000001,-0.3101549283038396,-1.048533614941736,0.214,0.598,0.188,0.358,0.313,1.7363333333333333,1.55,4119485.2,2.427487784153224e-07
58,58,Тюменская область,557,0.144,0.3507135583350036,85.6,57,58,58,14818,0.0045824831504525,-5.385514255190617,3233618,0.0003896564158165,0.0004032634652578,0.0008049806748972,2.164757865647705e-06,0.000333991213557,1260,1304,2603,7,1080,6254,0.19340565273943,-0.2166666666666667,1720.0,107.77,0.4106123502534506,0.7640983665991758,1,"Русские (ведруссы, великороссы, русаки, сибиряки, чалдоны, челдоны)",0.807817914124548,-6.248135654149474,-8.00439587204917,-7.124692287172749,-7.815920449680616,-7.815920449680616,-7.850245192221912,-13.0432020431119,0.122816091954023,0.7333333333333333,0.3504512690147134,49.1,79.78,366,Обрабатывающие производства,53.82,152.5,4.0,48.6,13.1,148.2,-2.4,46.8,-3.2,53.82,150.35,64.808,59.31400000000001,-0.3101549283038396,-1.048533614941736,0.214,0.598,0.188,0.358,0.313,1.7363333333333333,1.55,4119485.2,2.427487784153224e-07
59,59,ХМАО,621,0.19,0.3924283374069717,81.0,59,59,59,5653,0.0042271204209622,-5.466234269286075,1337317,0.0002235819929007,0.0003708918678219,0.0008434798929498,0.0,0.0002549881591275,299,496,1128,0,341,2264,0.16929419128,-0.13125,6894.3,107.91,0.4986459641220118,0.7030093032086577,1,"Русские (великороссы, гураны, кержаки, молокане, русаки, русичи, сибиряки, чалдоны)",0.9204624068058056,-6.381287486638295,-8.274293448678094,-7.077974493903392,-7.899599999236463,-7.899599999236463,-8.405732352570713,-inf,0.0738306451612903,0.5,0.2717179514888377,26.3,77.58,524,Добывающая отрасль,32.3,121.6,3.2,39.0,9.3,150.0,25.5,44.7,16.4,32.3,135.8,66.066,49.183,-0.6931471805599453,-1.3029906937392812,0.216,0.619,0.165,0.349,0.267,1.6423333333333332,0.7500000000000001,4945301.6,2.022121360606197e-07
60,60,ЯНАО,243,0.21,0.408656334834051,79.0,60,60,60,6971,0.0047610233980634,-5.347292634254758,1464181,0.0006085313222887,0.0004097854022146,0.0008598663689803,4.097854022146169e-06,0.0003408048595084,891,600,1259,6,499,3255,0.22230858070141998,-0.3419354838709677,5350.2,107.48,0.5906067666162522,0.628853592051757,1,"Русские (великороссы, кривичи, русаки, сибиряки, чалдоны, челдоны)",0.8467609551607279,-6.108859045098511,-7.984200503989881,-7.058733565696834,-7.799876944525032,-7.799876944525032,-7.404462172270338,-12.40504713051308,0.0978494623655913,0.8709677419354839,0.3128089870281724,20.7,57.72,890,Добывающая отрасль,30.58,149.2,14.9,59.0,38.4,129.5,-12.6,43.8,-25.1,30.58,139.35,61.586,46.083,-0.1381503384808171,-1.1621625398152262,0.2289999999999999,0.644,0.127,0.354,0.198,1.9416666666666669,1.05,10462220.5,9.558200383943353e-08
61,61,Челябинская область,502,0.116,0.3193743884534262,88.4,61,61,61,56282,0.003736357435877,-5.589644089777336,15063334,0.0007129895679137,0.0002640185764984,0.0005203363345724,6.638636572753416e-06,0.0004137862175797,10740,3977,7838,100,6233,28888,0.1917769333137,-0.3,2299.7,108.62,0.2506976139786071,0.8634290081010956,1,"Русские (великороссы, мещеряки, русаки, сибиряки, чалдоны, якутяне)",0.8261996302194202,-6.256592574019641,-7.790161100168129,-7.561035158217378,-8.239491091769253,-8.239491091769253,-7.246043768914099,-11.92260395098884,0.0619999999999999,0.8064516129032258,0.2489979919597746,37.7,76.39,317,Обрабатывающие производства,48.6,180.8,-2.0,49.8,11.2,161.1,-11.2,49.7,-0.5,48.6,170.95,63.371,55.9855,-0.2151113796169455,-1.390310446968523,0.165,0.574,0.261,0.287,0.455,1.4433333333333334,1.45,761165.9,1.313774040586947e-06
62,62,Республика Алтай,414,0.159,0.3660601043544625,84.1,62,62,62,217,0.0010832721808715,-6.827769021328181,200319,0.0001647372440956,0.0001347850178964,2.995222619921225e-05,4.99203769986871e-06,0.0001347850178964,33,27,6,1,27,94,0.04692515437876,-0.4233333333333333,351.0,110.55,0.5700442380984905,0.5369603007761966,1,"Русские (киржаки,русаки, сибиряки, староверы, челдоны, якутяне)",0.3097893079971933,-7.664371592598752,-8.911829508864711,-10.41590690564058,-8.911829508864711,-8.911829508864711,-8.71115881340256,-12.20766637486863,0.0577126436781609,0.9333333333333332,0.2402345597081338,49.8,36.01,308,Государственная служба,15.0,209.2,-3.8,52.2,8.4,203.4,-2.8,49.6,-5.0,15.0,206.3,42.079,28.5395,-0.0689928714869515,-1.4261395008010078,0.267,0.545,0.188,0.489,0.344,1.836,4.6000000000000005,514010.8,1.9454844139461662e-06
63,63,Республика Тыва,85,0.165,0.372827037646145,83.5,63,63,63,366,0.0011410684890507,-6.775790184442919,320752,1.870604080411034e-05,6.235346934703447e-05,4.676510201027585e-05,0.0,4.676510201027585e-05,6,20,15,0,15,56,0.01745897141716,-0.3344827586206897,356.0,109.72,0.2030936299850846,0.1011763289157619,0,"Тувинцы (тува, тыва, урянхай)",0.5463551274168204,-8.653071827109661,-9.970373316742048,-9.970373316742048,-9.682691244290266,-9.682691244290266,-10.8866640486162,-inf,0.1494827586206897,0.7931034482758621,0.3866300022252408,30.1,22.48,218,Государственная служба,15.72,165.2,-15.8,47.9,1.8,158.2,-4.2,47.2,-1.4,15.72,161.7,30.123,22.9215,-0.2318016140573243,-0.9502871098769844,0.328,0.5660000000000001,0.106,0.578,0.188,2.283333333333333,5.1,363158.2,2.753620873767961e-06
64,64,Республика Хакасия,99,0.303,0.461519230368573,69.7,64,64,64,499,0.001118889272565,-6.795418806679801,445978,6.502562906690464e-05,0.0001636852042028,0.0001771387826305,0.0,0.000107628627421,29,73,79,0,48,229,0.051347824332139996,-0.1533333333333333,368.0,109.44,0.30893959220258,0.8214398509847135,1,"Русские (великороссы, гураны, сибиряки, чалдоны)",0.683835862339775,-7.574302898877106,-9.136823891524193,-8.638577049964473,-8.717565461283515,-8.717565461283515,-9.640729072444833,-inf,0.1922298850574713,0.7666666666666667,0.4384402867637408,32.2,55.97,234,Обрабатывающие производства,13.74,176.0,-1.7,49.6,10.8,172.9,-2.1,49.2,-1.1,13.74,174.45,49.333,31.5365,-0.2657031657330056,-0.8245316525801325,0.211,0.5589999999999999,0.23,0.378,0.412,1.4613333333333334,1.65,715322.5,1.3979708453180209e-06
65,65,Красноярский край,568,0.13,0.3376388603226826,87.0,66,66,66,10764,0.0041301575169327,-5.489439733043348,2606196,0.0001151102986882,0.0003656670488328,0.0008752219710259,4.604411947528121e-06,0.0003464819990514,300,953,2281,12,903,4449,0.17070857295459999,-0.288,3319.0,109.62,0.1230335152175633,0.9363601888657248,1,"Русские (мещеряки, русаки, сибиряки, чалдоны, челдоны, якутяне)",0.7928907923811618,-6.372967614084126,-7.967679691473416,-7.041033022605831,-7.913787341236095,-7.913787341236095,-9.069619770233963,-12.28849559510214,0.0419333333333333,0.84,0.2047763007121023,38.8,82.5,363,Обрабатывающие производства,44.81,176.0,9.9,49.6,16.8,169.4,-3.7,51.2,3.3,44.81,172.7,55.638,50.224,-0.1743533871447778,-1.5858371116919532,0.176,0.593,0.231,0.296,0.39,1.408,1.7,1307050.7,7.650812627237796e-07
66,66,Иркутская область,80,0.1,0.3016620625799671,90.0,67,67,67,7908,0.0037309137436143,-5.591102103848661,2119588,6.793773129494978e-05,0.000317042746043,0.0006727722557402,2.830738803956241e-06,0.0005491633279675,144,672,1426,6,1164,3412,0.16097467998497,-0.1896551724137931,2356.8,108.71,0.1483901911703155,0.9220780969630455,1,"Русские (великороссы, гураны, нууча, русаки, семейские, сибиряки, староверы, чалдоны, челдоны, якутяне)",0.7761269346213792,-6.431678379527644,-7.507114659847798,-7.30410368716502,-8.056473947616325,-8.056473947616325,-9.59691898856316,-12.77497281891111,0.0366748768472906,0.7931034482758621,0.1915068584862971,38.6,77.95,351,Обрабатывающие производства,33.0,158.6,-1.8,44.1,6.2,156.1,-2.1,44.4,0.2,33.0,157.35,49.924,41.462,-0.2318016140573243,-1.6528316564529075,0.1969999999999999,0.57,0.233,0.346,0.409,1.6353333333333335,2.7,1086391.6,9.20478398397042e-07
67,67,Кемеровская область - Кузбасс,134,0.194,0.3974921382870358,80.6,68,68,68,4906,0.0020041529185834,-6.212533791992382,2447917,0.0003206808073966,0.0001196936007225,0.0004187233472376,4.902126992050793e-06,0.0001727999764697,785,293,1025,12,423,2538,0.10367998588187001,-0.1625,2188.8,109.55,0.0920910231839323,0.9527579783433326,1,"Русские (албазинцы, ведруссы, великороссы, гураны, кержаки, русаки, сибиряки, староверы, чалдоны, челдоны, якутяне)",0.8652086201706086,-6.871616368536508,-8.663375837765045,-7.778300125238463,-9.030575407794348,-9.030575407794348,-8.045064299028567,-12.2258413670228,0.0553225806451612,0.625,0.2352075267612865,31.4,69.15,342,Обрабатывающие производства,29.33,169.3,-7.6,48.6,4.5,146.7,-14.0,44.7,-8.8,29.33,158.0,51.931,40.6305,-0.4700036292457356,-1.447287061933621,0.174,0.57,0.256,0.306,0.45,1.1563333333333334,2.75,736455.8,1.357854741588022e-06
68,68,Новосибирская область,728,0.206,0.4049691346263318,79.4,69,69,69,13466,0.0056956052986978,-5.168060401743625,2364279,0.0013758951460466,0.0005177053977132,0.0007719055153812,7.190352746016862e-06,0.0008416942332102,3253,1224,1825,17,1990,8309,0.35143906450973,-0.1935483870967742,1939.4,109.9,0.1133801801858453,0.9415125126642911,1,"Русские (великороссы, древляне, кержаки, кривичи, кубанцы, русаки, семейские, сибиряки, староверы, чалдоны, челдоны, якутяне)",0.796299553549723,-5.650889127183865,-7.080093753130319,-7.166648404832283,-7.566104207776602,-7.566104207776602,-6.588650744375522,-11.84277032679263,0.0639569892473118,0.6774193548387096,0.2528971910625182,56.6,79.43,401,Обрабатывающие производства,52.43,159.5,-4.8,46.8,16.3,134.5,-15.8,38.9,-17.1,52.43,147.0,63.337,57.8835,-0.3894647667617233,-1.3747722322776736,0.171,0.581,0.248,0.295,0.427,1.4580000000000002,1.65,793881.2,1.2596343130433118e-06
69,69,Омская область,208,0.308,0.4626013402488151,69.2,70,70,70,7281,0.0042676279233339,-5.456697127568294,1706100,0.0014829142488716,0.0001066760447804,0.0001553250102573,7.03358537014243e-06,0.0002115936932184,2530,182,265,12,361,3350,0.1963542582498,-0.237037037037037,947.1,109.78,0.2106091308801514,0.8871120930559577,1,"Русские (великороссы, гураны, кубанцы,молокане, нууча, русичи, сибиряки, чалдоны, челдоны, якутяне)",0.7348829727598157,-6.233004997143937,-8.460842663630363,-8.769990795976856,-9.145713934887082,-9.145713934887082,-6.513746040241499,-11.864813972175,0.0885754985754985,0.7407407407407407,0.2976163614042389,41.2,71.72,279,Обрабатывающие производства,48.01,132.4,5.1,46.5,16.8,118.0,-11.5,43.7,-6.7,48.01,125.2,50.628,49.319,-0.3001045924503381,-1.2119499996976018,0.172,0.568,0.26,0.301,0.458,1.4240000000000002,2.9,578934.0,1.727312612491234e-06
70,70,Томская область,123,0.171,0.3781534080237807,82.9,71,71,71,46772,0.006570128167507,-5.025221938683964,7118887,6.124552897103157e-05,0.0012416266756306,0.0007187921370292,3.230842124618638e-06,0.0010823321117472,436,8839,5117,23,7705,22120,0.31072272955027,-0.2125,809.6,109.4,0.1278475384111992,0.9337590035176534,1,"Русские (великороссы, кержаки, нууча, русаки, семейские, сибиряки, староверы, чалдоны, челдоны, якутяне)",0.713083885247105,-5.774024495307919,-6.828637203189984,-7.237938342139187,-6.691332923883223,-6.691332923883223,-9.700619707595123,-12.64276773501501,0.0527419354838709,0.65625,0.2296561244205583,41.2,69.12,326,Обрабатывающие производства,51.94,184.3,4.4,50.7,22.0,187.7,1.0,50.9,-0.4,51.94,186.0,53.104,52.522,-0.4212134650763035,-1.4711722000679648,0.176,0.589,0.235,0.299,0.398,1.1696666666666666,3.25,870868.9,1.1482784607419097e-06
71,71,Республика Бурятия,119,0.269,0.4449719092257398,73.1,72,72,72,2563,0.002759831158203,-5.892585775688449,928680,3.338071240901064e-05,0.0003725718223715,0.0003661110393246,3.230391523452642e-06,0.0009195847870095,31,346,340,3,854,1574,0.16948787526381,-0.232258064516129,447.0,110.53,0.4856128552434618,0.6395013823010504,1,"Русские (гураны, русаки, семейские, сибиряки, челдоны, якутяне)",0.5911721786901127,-6.380144073075188,-6.991588308263956,-7.912573884442388,-7.895080726994883,-7.895080726994883,-10.30753229756736,-12.6429072133844,0.0795913978494623,0.6774193548387096,0.2821194744243339,32.0,55.85,280,Обрабатывающие производства,28.44,194.2,-5.1,52.2,1.6,184.2,-5.4,46.5,-11.3,28.44,189.2,37.293,32.8665,-0.3894647667617233,-1.265424629594646,0.24,0.5589999999999999,0.201,0.429,0.359,1.522,3.8,517755.8,1.931412453515731e-06
72,72,Республика Саха (Якутия),378,0.331,0.4711687595755898,66.9,73,73,73,19464,0.0225520525565713,-3.791929194711384,863070,0.0001309279664453,0.0072821439744169,0.0034921848749232,1.158654570312953e-06,0.0012374430810942,113,6285,3014,1,1068,10481,1.214385855145,-0.0741935483870967,2025.0,109.24,0.5862029270304512,0.3263388817674559,0,"Якуты (саха) (саха-курыканы, сахабуры, сахабын, сахалар, сахаляры)",0.6679706252774469,-4.410931706004569,-6.694708059654629,-5.657227699988312,-4.922329958150395,-4.922329958150395,-8.940863260462887,-13.66825107917474,0.0319784946236559,0.3870967741935484,0.1788253187433365,26.2,61.35,434,Добывающая отрасль,28.5,126.4,-3.0,32.5,-0.4,135.6,7.8,35.5,9.7,28.5,131.0,46.982,37.741,-0.949080554697146,-1.7213458225576466,0.24,0.596,0.1639999999999999,0.403,0.275,1.525,4.8500000000000005,2230677.6,4.482942761428187e-07
73,73,Забайкальский край,208,0.149,0.3563705936241092,85.1,74,74,74,2272,0.0025364842898737,-5.976976294600325,895728,4.354000321526178e-05,0.0004822892663844,0.0003349231016558,1.00476930496758e-05,0.0001942553989603,39,432,300,9,174,954,0.10650554632656001,-0.132258064516129,547.2,108.75,0.1983962163890142,0.8922359673369104,1,"Русские (великороссы, гураны, русаки, семейские, сибиряки, чалдоны)",0.6913402215859579,-6.844728402993108,-8.546336775227342,-8.00160959978534,-7.636966486197331,-7.636966486197331,-10.04183042831172,-11.50816749710514,0.1182580645161291,0.6774193548387096,0.3438867030231456,31.0,51.63,287,Транспортировка и хранение,14.28,185.8,-11.4,54.2,5.1,186.3,-0.5,51.7,-5.4,14.28,186.05,36.372,25.326,-0.3894647667617233,-1.067443027533816,0.215,0.575,0.21,0.374,0.365,1.59,3.5,726780.2,1.3759318154237004e-06
74,74,Камчатский край,532,0.222,0.4159326868617084,77.8,75,75,75,2241,0.0083845598386692,-4.781363378982349,267277,9.353591966386931e-05,0.0020690145429647,0.0002581591382722,3.741436786554773e-06,0.002596557129869,25,553,69,1,694,1342,0.50210081675565,-0.1551724137931035,366.0,110.26,0.2192384297401756,0.8829846044331356,1,"Русские (великороссы, гураны, мещеряки, сибиряки, чалдоны, якутяне)",0.7784576884180936,-5.294124535251645,-5.953568892276471,-8.261934348186319,-6.180682851260979,-6.180682851260979,-9.27716502791507,-12.49604085278327,0.0182758620689655,0.8275862068965517,0.1351882467856046,38.8,56.83,378,Сельское хозяйство,24.77,181.6,-3.8,49.7,-0.2,186.9,3.0,53.8,8.4,24.77,184.25,53.661,39.2155,-0.1892419996385284,-2.001087051211221,0.1939999999999999,0.607,0.1989999999999999,0.32,0.328,1.5473333333333334,1.2,1523849.9,6.56232611886512e-07
75,75,Приморский край,1144,0.192,0.3937003937005905,80.8,76,76,76,8173,0.0054253629244518,-5.216670483276759,1506443,3.119932184622983e-05,0.0001453755634962,0.0001779025160593,6.638153584304218e-07,0.0016077607981184,47,219,268,1,2422,2957,0.19629020148787002,-0.290625,1539.4,109.19,0.1083490935067626,0.9442034113104733,1,"Русские (ведруссы, великороссы, гураны, древляне, русаки, сибиряки, староверы, якутяне)",0.7841526367560625,-6.233331280940433,-6.432912876679895,-8.634274820282323,-8.83619007097681,-8.83619007097681,-10.37511419908282,-14.22526180079288,0.0686189516129032,0.8125,0.2619521933729573,40.8,68.97,345,Транспортировка и хранение,32.57,176.5,-4.4,52.3,2.6,178.4,0.3,49.0,-7.0,32.57,177.45,53.74,43.155,-0.2076393647782445,-1.3395932599125064,0.156,0.594,0.25,0.262,0.42,1.429,2.0,1027409.8,9.733214536205514e-07
76,76,Хабаровский край,366,0.164,0.3701351104664349,83.6,77,77,77,4458,0.0038796220631965,-5.552017536483921,1149081,4.438329412809019e-05,0.0001914573472192,0.0005221564015069,0.0,0.0009520651720809,51,220,600,0,1094,1965,0.17100622149352002,-0.30625,1067.9,107.36,0.1375269749644131,0.9285808656945376,1,"Русские ( великороссы, гураны, мещеряки, русаки, сибиряки, чалдоны, якутяне)",0.8340191067826603,-6.371225526126373,-6.956877067447883,-7.557543395213648,-8.560845504077415,-8.560845504077415,-10.02264741770539,-inf,0.1238306451612903,0.75,0.3518957873593975,35.8,69.04,338,Транспортировка и хранение,40.82,166.2,0.1,48.5,13.0,156.5,-6.3,44.6,-8.5,40.82,161.35,57.681,49.2505,-0.2876820724517809,-1.0444202058561256,0.173,0.598,0.2289999999999999,0.289,0.383,1.4163333333333332,1.6,985369.8,1.0148474207348348e-06
77,77,Амурская область,138,0.101,0.303315017762062,89.9,78,78,78,4291,0.0058133942445906,-5.147590671370418,738123,7.180375086537067e-05,0.0002966985177267,0.0005432698886228,8.128726513060831e-06,0.0008887407654279,53,219,401,6,656,1335,0.1808641649156,-0.253125,603.8,108.17,0.0940957165802883,0.951742653236632,1,"Русские (великороссы, гураны, русаки, сибиряки, якутяне)",0.6809594842693816,-6.3151791855276,-7.025704967417936,-7.517904329055543,-8.122794026545497,-8.122794026545497,-9.54157384280981,-11.72010628713388,0.1012802419354839,0.78125,0.3182455686030583,33.2,65.17,395,Строительство,19.9,196.3,-8.7,57.4,0.6,196.8,-0.6,55.1,-4.9,19.9,196.55,45.582,32.741,-0.2468600779315257,-1.1449319659053248,0.179,0.6,0.221,0.299,0.368,1.4233333333333331,0.55,1054056.2,9.487160172294418e-07
78,78,Магаданская область,290,0.407,0.4919349550499537,59.3,79,79,79,872,0.0066913242990223,-5.006943472410645,130318,0.0003529827038475,0.0004143710001688,0.0001995119630442,7.673537040163294e-06,0.0024171641676514,46,54,26,1,315,442,0.33917033717521,-0.13,365.0,107.59,0.2295256802924578,0.877068369034588,1,"Русские (великороссы, кержаки)",0.9635448432964692,-5.686423014241936,-6.025160257493994,-8.519636358298358,-7.78874884975538,-7.78874884975538,-7.949091499830549,-11.77773289631961,0.0856206896551724,0.5666666666666667,0.2926101325230765,37.2,57.28,529,Добывающая отрасль,19.95,190.1,7.0,64.6,11.6,187.3,-2.1,68.4,5.2,19.95,188.7,47.753,33.8515,-0.5679840376059393,-1.2289141617302224,0.17,0.63,0.2,0.27,0.318,1.2536666666666667,1.35,3017481.0,3.314022524085488e-07
79,79,Сахалинская область,293,0.212,0.408656334834051,78.8,80,80,80,1912,0.0042720338187781,-5.455665260974937,447562,5.585818277691136e-05,0.0011328039467157,0.0001675745483307,2.234327311076454e-06,0.0008624503420755,25,507,75,1,386,994,0.22209213472099,-0.121875,1530.4,107.15,0.1666592120885964,0.9120256147256952,1,"Русские (великороссы, гураны, сибиряки)",0.8239896787245853,-6.109833147929733,-7.055732985121447,-8.694082241050157,-6.783059350995136,-6.783059350995136,-9.792694529718064,-13.01157035458626,0.0482157258064516,0.53125,0.2195807956230499,37.1,68.64,376,Строительство,24.17,190.7,3.2,50.8,10.4,181.3,-5.5,48.9,-4.4,24.17,186.0,54.894,39.532,-0.6325225587435105,-1.5160350247963337,0.1609999999999999,0.599,0.24,0.27,0.4,1.7393333333333334,1.1,3538862.2,2.825766993696449e-07
80,80,Еврейская автономная область,151,0.371,0.4847679857416329,62.9,81,81,81,212,0.0014600752076474,-6.529267332501334,145198,1.377429441176876e-05,6.887147205884378e-06,0.0001239686497059,0.0,2.066144161765314e-05,2,1,18,0,3,24,0.016529153294119997,-0.0518518518518518,354.0,108.47,0.0846507556848178,0.9566577653047345,1,Русские (гураны),0.707815729829249,-8.707799776825492,-10.78724131850518,-8.995481849277272,-11.88585360717328,-11.88585360717328,-11.19270642661334,-inf,0.0925925925925925,0.5185185185185185,0.3042903097250922,28.9,47.37,330,Государственная служба,11.2,184.8,-13.9,45.0,-18.0,197.9,5.9,50.7,11.5,11.2,191.35,36.101,23.6505,-0.6567795363890705,-1.1897730670650872,0.1889999999999999,0.5820000000000001,0.2289999999999999,0.325,0.393,1.3543333333333336,0.7,697096.5,1.4345216193166943e-06
81,82,Алтайский край,222,0.797,0.203,0.4024922359499621,65,65,65,4986,0.0025251527702232,-5.981453715026357,1974534,0.0007834759999068,0.0001012897220306,0.0003585656159883,7.596729152296187e-06,0.0002091632759932,1547,200,708,15,413,2883,0.14600913430713,-0.21724,,109.81,0.0886117502698052,0.9545454312644788,1,"Русские  (гураны, кержаки, русаки, сибиряки, чалдоны, челдоны)",0.5813186066600021,-6.529256281471456,-8.47239538614891,-7.933398885416342,-9.19752561256196,-9.19752561256196,-7.15177012853679,-11.78779277800763,0.1100492610837438,0.8275862068965517,0.3317367346010144,37.1,60.29,258,Обрабатывающие производства,30.28,178.2,-3.0,49.9,0.1,163.3,-9.1,45.1,-10.3,30.28,170.75,47.383,38.831500000000005,-0.1892419996385284,-1.1034135927003663,0.184,0.537,0.2789999999999999,0.343,0.519,1.24,3.4,482474.4,2.072648828621788e-06
